onnx/pensieve_mid_simple.onnx,vnnlib/pensieve_simple_0.vnnlib,30
onnx/pensieve_mid_simple.onnx,vnnlib/pensieve_simple_1.vnnlib,30
onnx/pensieve_small_simple.onnx,vnnlib/pensieve_simple_2.vnnlib,30
onnx/pensieve_mid_simple.onnx,vnnlib/pensieve_simple_3.vnnlib,30
onnx/pensieve_small_simple.onnx,vnnlib/pensieve_simple_4.vnnlib,30
onnx/pensieve_small_parallel.onnx,vnnlib/pensieve_parallel_5.vnnlib,30
onnx/pensieve_big_parallel.onnx,vnnlib/pensieve_parallel_6.vnnlib,30
onnx/pensieve_mid_simple.onnx,vnnlib/pensieve_simple_7.vnnlib,30
onnx/pensieve_big_parallel.onnx,vnnlib/pensieve_parallel_8.vnnlib,30
onnx/pensieve_small_simple.onnx,vnnlib/pensieve_simple_9.vnnlib,30
onnx/pensieve_big_parallel.onnx,vnnlib/pensieve_parallel_10.vnnlib,30
onnx/pensieve_mid_simple.onnx,vnnlib/pensieve_simple_11.vnnlib,30
onnx/pensieve_small_simple.onnx,vnnlib/pensieve_simple_12.vnnlib,30
onnx/pensieve_small_simple.onnx,vnnlib/pensieve_simple_13.vnnlib,30
onnx/pensieve_big_parallel.onnx,vnnlib/pensieve_parallel_14.vnnlib,30
onnx/pensieve_small_simple.onnx,vnnlib/pensieve_simple_15.vnnlib,30
onnx/pensieve_big_parallel.onnx,vnnlib/pensieve_parallel_16.vnnlib,30
onnx/pensieve_mid_simple.onnx,vnnlib/pensieve_simple_17.vnnlib,30
onnx/pensieve_small_simple.onnx,vnnlib/pensieve_simple_18.vnnlib,30
onnx/pensieve_small_simple.onnx,vnnlib/pensieve_simple_19.vnnlib,30
onnx/pensieve_small_simple.onnx,vnnlib/pensieve_simple_20.vnnlib,30
onnx/pensieve_big_simple.onnx,vnnlib/pensieve_simple_21.vnnlib,30
onnx/pensieve_small_simple.onnx,vnnlib/pensieve_simple_22.vnnlib,30
onnx/pensieve_big_parallel.onnx,vnnlib/pensieve_parallel_23.vnnlib,30
onnx/pensieve_small_parallel.onnx,vnnlib/pensieve_parallel_24.vnnlib,30
onnx/pensieve_mid_simple.onnx,vnnlib/pensieve_simple_25.vnnlib,30
onnx/pensieve_big_parallel.onnx,vnnlib/pensieve_parallel_26.vnnlib,30
onnx/pensieve_mid_simple.onnx,vnnlib/pensieve_simple_27.vnnlib,30
onnx/pensieve_small_parallel.onnx,vnnlib/pensieve_parallel_28.vnnlib,30
onnx/pensieve_small_simple.onnx,vnnlib/pensieve_simple_29.vnnlib,30
onnx/pensieve_small_simple.onnx,vnnlib/pensieve_simple_30.vnnlib,30
onnx/pensieve_mid_simple.onnx,vnnlib/pensieve_simple_31.vnnlib,30
onnx/pensieve_big_simple.onnx,vnnlib/pensieve_simple_32.vnnlib,30
onnx/pensieve_big_simple.onnx,vnnlib/pensieve_simple_33.vnnlib,30
onnx/pensieve_big_simple.onnx,vnnlib/pensieve_simple_34.vnnlib,30
onnx/pensieve_big_parallel.onnx,vnnlib/pensieve_parallel_35.vnnlib,60
onnx/pensieve_big_parallel.onnx,vnnlib/pensieve_parallel_36.vnnlib,60
onnx/pensieve_big_parallel.onnx,vnnlib/pensieve_parallel_37.vnnlib,60
onnx/pensieve_big_parallel.onnx,vnnlib/pensieve_parallel_38.vnnlib,60
onnx/pensieve_big_parallel.onnx,vnnlib/pensieve_parallel_39.vnnlib,60
onnx/pensieve_big_parallel.onnx,vnnlib/pensieve_parallel_40.vnnlib,60
onnx/pensieve_big_parallel.onnx,vnnlib/pensieve_parallel_41.vnnlib,60
onnx/pensieve_big_parallel.onnx,vnnlib/pensieve_parallel_42.vnnlib,60
onnx/pensieve_big_parallel.onnx,vnnlib/pensieve_parallel_43.vnnlib,60
onnx/pensieve_big_parallel.onnx,vnnlib/pensieve_parallel_44.vnnlib,60
onnx/pensieve_big_parallel.onnx,vnnlib/pensieve_parallel_45.vnnlib,60
onnx/pensieve_big_parallel.onnx,vnnlib/pensieve_parallel_46.vnnlib,60
onnx/pensieve_big_parallel.onnx,vnnlib/pensieve_parallel_47.vnnlib,60
onnx/pensieve_big_parallel.onnx,vnnlib/pensieve_parallel_48.vnnlib,60
onnx/pensieve_big_parallel.onnx,vnnlib/pensieve_parallel_49.vnnlib,60
onnx/pensieve_big_parallel.onnx,vnnlib/pensieve_parallel_50.vnnlib,60
onnx/pensieve_big_parallel.onnx,vnnlib/pensieve_parallel_51.vnnlib,60
onnx/pensieve_big_parallel.onnx,vnnlib/pensieve_parallel_52.vnnlib,60
onnx/pensieve_big_parallel.onnx,vnnlib/pensieve_parallel_53.vnnlib,60
onnx/pensieve_big_parallel.onnx,vnnlib/pensieve_parallel_54.vnnlib,60
onnx/pensieve_big_parallel.onnx,vnnlib/pensieve_parallel_55.vnnlib,60
onnx/pensieve_big_parallel.onnx,vnnlib/pensieve_parallel_56.vnnlib,60
onnx/pensieve_big_parallel.onnx,vnnlib/pensieve_parallel_57.vnnlib,60
onnx/pensieve_big_parallel.onnx,vnnlib/pensieve_parallel_58.vnnlib,60
onnx/pensieve_big_parallel.onnx,vnnlib/pensieve_parallel_59.vnnlib,60
onnx/pensieve_big_parallel.onnx,vnnlib/pensieve_parallel_60.vnnlib,60
onnx/pensieve_big_parallel.onnx,vnnlib/pensieve_parallel_61.vnnlib,60
onnx/pensieve_big_parallel.onnx,vnnlib/pensieve_parallel_62.vnnlib,60
onnx/pensieve_big_parallel.onnx,vnnlib/pensieve_parallel_63.vnnlib,60
onnx/pensieve_big_parallel.onnx,vnnlib/pensieve_parallel_64.vnnlib,60
onnx/pensieve_big_parallel.onnx,vnnlib/pensieve_parallel_65.vnnlib,60
onnx/pensieve_big_parallel.onnx,vnnlib/pensieve_parallel_66.vnnlib,60
onnx/pensieve_big_parallel.onnx,vnnlib/pensieve_parallel_67.vnnlib,60
onnx/pensieve_big_parallel.onnx,vnnlib/pensieve_parallel_68.vnnlib,60
onnx/pensieve_big_parallel.onnx,vnnlib/pensieve_parallel_69.vnnlib,60
onnx/pensieve_big_parallel.onnx,vnnlib/pensieve_parallel_70.vnnlib,140
onnx/pensieve_big_parallel.onnx,vnnlib/pensieve_parallel_71.vnnlib,140
onnx/pensieve_big_parallel.onnx,vnnlib/pensieve_parallel_72.vnnlib,140
onnx/pensieve_big_parallel.onnx,vnnlib/pensieve_parallel_73.vnnlib,140
onnx/pensieve_big_parallel.onnx,vnnlib/pensieve_parallel_74.vnnlib,140
onnx/pensieve_big_parallel.onnx,vnnlib/pensieve_parallel_75.vnnlib,140
onnx/pensieve_big_parallel.onnx,vnnlib/pensieve_parallel_76.vnnlib,140
onnx/pensieve_big_parallel.onnx,vnnlib/pensieve_parallel_77.vnnlib,140
onnx/pensieve_big_parallel.onnx,vnnlib/pensieve_parallel_78.vnnlib,140
onnx/pensieve_big_parallel.onnx,vnnlib/pensieve_parallel_79.vnnlib,140
onnx/pensieve_big_parallel.onnx,vnnlib/pensieve_parallel_80.vnnlib,140
onnx/pensieve_big_parallel.onnx,vnnlib/pensieve_parallel_81.vnnlib,140
onnx/pensieve_big_parallel.onnx,vnnlib/pensieve_parallel_82.vnnlib,140
onnx/pensieve_big_parallel.onnx,vnnlib/pensieve_parallel_83.vnnlib,140
onnx/pensieve_big_parallel.onnx,vnnlib/pensieve_parallel_84.vnnlib,140
onnx/pensieve_big_parallel.onnx,vnnlib/pensieve_parallel_85.vnnlib,140
onnx/pensieve_big_parallel.onnx,vnnlib/pensieve_parallel_86.vnnlib,140
onnx/pensieve_big_parallel.onnx,vnnlib/pensieve_parallel_87.vnnlib,140
onnx/pensieve_big_parallel.onnx,vnnlib/pensieve_parallel_88.vnnlib,140
onnx/pensieve_big_parallel.onnx,vnnlib/pensieve_parallel_89.vnnlib,140
onnx/pensieve_big_parallel.onnx,vnnlib/pensieve_parallel_90.vnnlib,140
onnx/pensieve_big_parallel.onnx,vnnlib/pensieve_parallel_91.vnnlib,140
onnx/pensieve_big_parallel.onnx,vnnlib/pensieve_parallel_92.vnnlib,140
onnx/pensieve_big_parallel.onnx,vnnlib/pensieve_parallel_93.vnnlib,140
onnx/pensieve_big_parallel.onnx,vnnlib/pensieve_parallel_94.vnnlib,140
onnx/pensieve_big_parallel.onnx,vnnlib/pensieve_parallel_95.vnnlib,140
onnx/pensieve_big_parallel.onnx,vnnlib/pensieve_parallel_96.vnnlib,140
onnx/pensieve_big_parallel.onnx,vnnlib/pensieve_parallel_97.vnnlib,140
onnx/pensieve_big_parallel.onnx,vnnlib/pensieve_parallel_98.vnnlib,140
onnx/pensieve_big_parallel.onnx,vnnlib/pensieve_parallel_99.vnnlib,140
onnx/pensieve_big_parallel.onnx,vnnlib/pensieve_parallel_100.vnnlib,140
onnx/pensieve_big_parallel.onnx,vnnlib/pensieve_parallel_101.vnnlib,140
onnx/pensieve_big_parallel.onnx,vnnlib/pensieve_parallel_102.vnnlib,140
onnx/pensieve_big_parallel.onnx,vnnlib/pensieve_parallel_103.vnnlib,140
onnx/pensieve_big_parallel.onnx,vnnlib/pensieve_parallel_104.vnnlib,140
onnx/lindex.onnx,vnnlib/lindex_1.vnnlib,30
onnx/lindex_deep.onnx,vnnlib/lindex_1.vnnlib,30
onnx/lindex.onnx,vnnlib/lindex_200.vnnlib,30
onnx/lindex_deep.onnx,vnnlib/lindex_200.vnnlib,30
onnx/lindex.onnx,vnnlib/lindex_400.vnnlib,30
onnx/lindex_deep.onnx,vnnlib/lindex_400.vnnlib,30
onnx/lindex.onnx,vnnlib/lindex_600.vnnlib,30
onnx/lindex_deep.onnx,vnnlib/lindex_600.vnnlib,30
onnx/lindex.onnx,vnnlib/lindex_800.vnnlib,30
onnx/lindex_deep.onnx,vnnlib/lindex_800.vnnlib,30
onnx/lindex.onnx,vnnlib/lindex_1000.vnnlib,30
onnx/lindex_deep.onnx,vnnlib/lindex_1000.vnnlib,30
onnx/lindex.onnx,vnnlib/lindex_3000.vnnlib,30
onnx/lindex_deep.onnx,vnnlib/lindex_3000.vnnlib,30
onnx/lindex.onnx,vnnlib/lindex_5000.vnnlib,30
onnx/lindex_deep.onnx,vnnlib/lindex_5000.vnnlib,30
onnx/lindex.onnx,vnnlib/lindex_7000.vnnlib,30
onnx/lindex_deep.onnx,vnnlib/lindex_7000.vnnlib,30
onnx/lindex.onnx,vnnlib/lindex_9000.vnnlib,30
onnx/lindex_deep.onnx,vnnlib/lindex_9000.vnnlib,30
onnx/lindex.onnx,vnnlib/lindex_10000.vnnlib,30
onnx/lindex_deep.onnx,vnnlib/lindex_10000.vnnlib,30
onnx/lindex.onnx,vnnlib/lindex_60000.vnnlib,40
onnx/lindex_deep.onnx,vnnlib/lindex_60000.vnnlib,40
onnx/mscn_128d.onnx,vnnlib/cardinality_0_1_128.vnnlib,20
onnx/mscn_128d.onnx,vnnlib/cardinality_0_500_128.vnnlib,20
onnx/mscn_128d.onnx,vnnlib/cardinality_0_750_128.vnnlib,20
onnx/mscn_128d.onnx,vnnlib/cardinality_0_1000_128.vnnlib,20
onnx/mscn_128d.onnx,vnnlib/cardinality_0_2120_128.vnnlib,30
onnx/mscn_128d.onnx,vnnlib/cardinality_0_2680_128.vnnlib,40
onnx/mscn_128d.onnx,vnnlib/cardinality_0_3240_128.vnnlib,50
onnx/mscn_128d.onnx,vnnlib/cardinality_0_3800_128.vnnlib,50
onnx/mscn_128d_dual.onnx,vnnlib/cardinality_1_1_128_dual.vnnlib,20
onnx/mscn_128d_dual.onnx,vnnlib/cardinality_1_240_128_dual.vnnlib,20
onnx/mscn_128d_dual.onnx,vnnlib/cardinality_1_360_128_dual.vnnlib,40
onnx/mscn_128d_dual.onnx,vnnlib/cardinality_1_480_128_dual.vnnlib,40
onnx/mscn_128d_dual.onnx,vnnlib/cardinality_1_600_128_dual.vnnlib,40
onnx/mscn_128d_dual.onnx,vnnlib/cardinality_1_720_128_dual.vnnlib,60
onnx/mscn_128d_dual.onnx,vnnlib/cardinality_1_840_128_dual.vnnlib,60
onnx/mscn_128d_dual.onnx,vnnlib/cardinality_1_960_128_dual.vnnlib,60
onnx/mscn_128d_dual.onnx,vnnlib/cardinality_1_2260_128_dual.vnnlib,100
onnx/mscn_128d_dual.onnx,vnnlib/cardinality_1_2890_128_dual.vnnlib,100
onnx/mscn_128d_dual.onnx,vnnlib/cardinality_1_3520_128_dual.vnnlib,120
onnx/mscn_128d_dual.onnx,vnnlib/cardinality_1_4150_128_dual.vnnlib,140
onnx/mscn_128d_dual.onnx,vnnlib/cardinality_1_4780_128_dual.vnnlib,140
onnx/mscn_128d_dual.onnx,vnnlib/cardinality_1_5410_128_dual.vnnlib,140
onnx/mscn_128d_dual.onnx,vnnlib/cardinality_1_6040_128_dual.vnnlib,160
onnx/mscn_128d_dual.onnx,vnnlib/cardinality_1_6670_128_dual.vnnlib,160
onnx/mscn_128d_dual.onnx,vnnlib/cardinality_1_7300_128_dual.vnnlib,160
onnx/mscn_128d_dual.onnx,vnnlib/cardinality_1_7930_128_dual.vnnlib,180
onnx/mscn_128d_dual.onnx,vnnlib/cardinality_1_8560_128_dual.vnnlib,180
onnx/mscn_128d_dual.onnx,vnnlib/cardinality_1_9190_128_dual.vnnlib,180
onnx/mscn_128d_dual.onnx,vnnlib/cardinality_1_9820_128_dual.vnnlib,200
onnx/mscn_128d_dual.onnx,vnnlib/cardinality_1_10450_128_dual.vnnlib,200
onnx/mscn_128d_dual.onnx,vnnlib/cardinality_1_11080_128_dual.vnnlib,400
onnx/mscn_2048d.onnx,vnnlib/cardinality_0_1_2048.vnnlib,20
onnx/mscn_2048d.onnx,vnnlib/cardinality_0_500_2048.vnnlib,20
onnx/mscn_2048d.onnx,vnnlib/cardinality_0_750_2048.vnnlib,40
onnx/mscn_2048d.onnx,vnnlib/cardinality_0_1000_2048.vnnlib,40
onnx/mscn_2048d.onnx,vnnlib/cardinality_0_2120_2048.vnnlib,60
onnx/mscn_2048d.onnx,vnnlib/cardinality_0_2680_2048.vnnlib,80
onnx/mscn_2048d.onnx,vnnlib/cardinality_0_3240_2048.vnnlib,100
onnx/mscn_2048d.onnx,vnnlib/cardinality_0_3800_2048.vnnlib,100
onnx/mscn_2048d.onnx,vnnlib/cardinality_0_4360_2048.vnnlib,120
onnx/mscn_2048d.onnx,vnnlib/cardinality_0_4920_2048.vnnlib,120
onnx/mscn_2048d.onnx,vnnlib/cardinality_0_5480_2048.vnnlib,140
onnx/mscn_2048d_dual.onnx,vnnlib/cardinality_1_1_2048_dual.vnnlib,20
onnx/mscn_2048d_dual.onnx,vnnlib/cardinality_1_240_2048_dual.vnnlib,140
onnx/mscn_2048d_dual.onnx,vnnlib/cardinality_1_360_2048_dual.vnnlib,160
onnx/mscn_2048d_dual.onnx,vnnlib/cardinality_1_480_2048_dual.vnnlib,180
onnx/mscn_2048d_dual.onnx,vnnlib/cardinality_1_600_2048_dual.vnnlib,180
onnx/mscn_2048d_dual.onnx,vnnlib/cardinality_1_720_2048_dual.vnnlib,200
onnx/mscn_2048d_dual.onnx,vnnlib/cardinality_1_840_2048_dual.vnnlib,200
onnx/mscn_2048d_dual.onnx,vnnlib/cardinality_1_960_2048_dual.vnnlib,200
onnx/mscn_2048d_dual.onnx,vnnlib/cardinality_1_2260_2048_dual.vnnlib,300
onnx/mscn_2048d_dual.onnx,vnnlib/cardinality_1_2890_2048_dual.vnnlib,340
onnx/mscn_2048d_dual.onnx,vnnlib/cardinality_1_3520_2048_dual.vnnlib,380
onnx/mscn_2048d_dual.onnx,vnnlib/cardinality_1_4150_2048_dual.vnnlib,420
onnx/mscn_2048d_dual.onnx,vnnlib/cardinality_1_4780_2048_dual.vnnlib,440
onnx/mscn_2048d_dual.onnx,vnnlib/cardinality_1_5410_2048_dual.vnnlib,460
onnx/mscn_2048d_dual.onnx,vnnlib/cardinality_1_6040_2048_dual.vnnlib,500
onnx/mscn_2048d_dual.onnx,vnnlib/cardinality_1_6670_2048_dual.vnnlib,520
onnx/mscn_2048d_dual.onnx,vnnlib/cardinality_1_7300_2048_dual.vnnlib,520
onnx/mscn_2048d_dual.onnx,vnnlib/cardinality_1_7930_2048_dual.vnnlib,540
onnx/mscn_2048d_dual.onnx,vnnlib/cardinality_1_8560_2048_dual.vnnlib,560
onnx/mscn_2048d_dual.onnx,vnnlib/cardinality_1_9190_2048_dual.vnnlib,580
onnx/mscn_2048d_dual.onnx,vnnlib/cardinality_1_9820_2048_dual.vnnlib,580
onnx/mscn_2048d_dual.onnx,vnnlib/cardinality_1_10450_2048_dual.vnnlib,600
onnx/mscn_2048d_dual.onnx,vnnlib/cardinality_1_11080_2048_dual.vnnlib,800
